<?xml version="1.0" encoding="UTF-8"?>
<DISS_submission publishing_option="1" embargo_code="4" third_party_search="Y">
  <DISS_authorship>
    <DISS_author type="primary">
      <DISS_name>
        <DISS_surname>Boyd</DISS_surname>
        <DISS_fname>Alex</DISS_fname>
        <DISS_middle>L</DISS_middle>
        <DISS_suffix/>
      </DISS_name>
      <DISS_contact type="future">
        <DISS_contact_effdt>09/15/2023</DISS_contact_effdt>
        <DISS_address>
          <DISS_addrline>2121 I St NW</DISS_addrline>
          <DISS_addrline>#303</DISS_addrline>
          <DISS_city>Washington</DISS_city>
          <DISS_st>DC</DISS_st>
          <DISS_pcode>20052</DISS_pcode>
          <DISS_country>US</DISS_country>
        </DISS_address>
        <DISS_email>alex.boyd@gwu.edu</DISS_email>
        <DISS_school_email>alex.boyd@gwu.edu</DISS_school_email>
      </DISS_contact>
      <DISS_citizenship/>
      <DISS_orcid/>
    </DISS_author>
  </DISS_authorship>
  <DISS_description page_count="205" type="doctoral" external_id="http://dissertations.umi.com/gwu:000000" apply_for_copyright="no">
    <DISS_title>A False Work For Testing Purposes</DISS_title>
    <DISS_dates>
      <DISS_comp_date>2024-01</DISS_comp_date>
      <DISS_accept_date>01/01/2023</DISS_accept_date>
    </DISS_dates>
    <DISS_degree>Ph.D.</DISS_degree>
    <DISS_institution>
      <DISS_inst_code>0075</DISS_inst_code>
      <DISS_inst_name>The George Washington University</DISS_inst_name>
      <DISS_inst_contact>English</DISS_inst_contact>
      <DISS_processing_code>A</DISS_processing_code>
    </DISS_institution>
    <DISS_advisor>
      <DISS_name>
        <DISS_surname>Kitty</DISS_surname>
        <DISS_fname>Sandwich</DISS_fname>
        <DISS_middle/>
      </DISS_name>
    </DISS_advisor>
    <DISS_cmte_member>
      <DISS_name>
        <DISS_surname>Kerchner</DISS_surname>
        <DISS_fname>Dan</DISS_fname>
        <DISS_middle/>
        <DISS_suffix/>
      </DISS_name>
    </DISS_cmte_member>
    <DISS_cmte_member>
      <DISS_name>
        <DISS_surname>Smith</DISS_surname>
        <DISS_fname>Dolsy</DISS_fname>
        <DISS_middle/>
        <DISS_suffix/>
      </DISS_name>
    </DISS_cmte_member>
    <DISS_categorization>
      <DISS_category>
        <DISS_cat_code>0323</DISS_cat_code>
        <DISS_cat_desc>American studies</DISS_cat_desc>
      </DISS_category>
      <DISS_category>
        <DISS_cat_code>0201</DISS_cat_code>
        <DISS_cat_desc>Disability studies</DISS_cat_desc>
      </DISS_category>
      <DISS_category>
        <DISS_cat_code>0325</DISS_cat_code>
        <DISS_cat_desc>Black studies</DISS_cat_desc>
      </DISS_category>
      <DISS_keyword>testing, rspec, ruby, scholarspace, beefaroni</DISS_keyword>
      <DISS_language>en</DISS_language>
    </DISS_categorization>
  </DISS_description>
  <DISS_content>
    <DISS_abstract>
      <DISS_para> </DISS_para>
    </DISS_abstract>
    <DISS_binary type="PDF">Ab_gwu_0075A_16593.pdf</DISS_binary>
  </DISS_content>
  <DISS_restriction>
    <DISS_sales_restriction code="1" remove="01/05/2029"/>
  </DISS_restriction>
  <DISS_repository>
    <DISS_version/>
    <DISS_agreement_decision_date/>
    <DISS_acceptance>0</DISS_acceptance>
    <DISS_delayed_release/>
    <DISS_access_option/>
  </DISS_repository>
  <DISS_creative_commons_license>
    <DISS_abbreviation/>
  </DISS_creative_commons_license>
</DISS_submission>
